Workbook

Sheet Mã hóa
A1: PHẦN 1: MÃ HÓA CAESAR (k = 4)
A2: Ô nền vàng, chữ xanh là dữ liệu nhập; các ô còn lại là công thức tự tính.
A4: BƯỚC 1: Chuẩn bị (bảng số, công thức, khóa k)
A5: Công thức: | C5: c = (p + k) mod 26 (mã hóa)
A6: Bảng số: xem sheet Bang_so (A=0, B=1, ..., Z=25)
A7: Khóa k = | C7: 4
A8: Bản rõ: | C8: actions speak louder than words
A10: BƯỚC 2: Tính từng chữ cái (cộng k, nếu ≥ 26 thì lấy mod 26)
A11: STT | B11: Từ | C11: Bản rõ | D11: p | E11: Tính c = (p + k) mod 26 | F11: Số kết quả | G11: Bản mã
A12: 1 | B12: actions | C12: A | D12: =INDEX(Bang_so!$B$2:$B$27,MATCH(C12,Bang_so!$A$2:$A$27,0)) -> 0 | E12: ="("&D12&" + "&$C$7&") mod 26 = "&MOD(D12+$C$7,26) -> (0 + 4) mod 26 = 4 | F12: =MOD(D12+$C$7,26) -> 4 | G12: =INDEX(Bang_so!$A$2:$A$27,MOD(D12+$C$7,26)+1) -> E
A13: 2 | B13: actions | C13: C | D13: =INDEX(Bang_so!$B$2:$B$27,MATCH(C13,Bang_so!$A$2:$A$27,0)) -> 2 | E13: ="("&D13&" + "&$C$7&") mod 26 = "&MOD(D13+$C$7,26) -> (2 + 4) mod 26 = 6 | F13: =MOD(D13+$C$7,26) -> 6 | G13: =INDEX(Bang_so!$A$2:$A$27,MOD(D13+$C$7,26)+1) -> G
A14: 3 | B14: actions | C14: T | D14: =INDEX(Bang_so!$B$2:$B$27,MATCH(C14,Bang_so!$A$2:$A$27,0)) -> 19 | E14: ="("&D14&" + "&$C$7&") mod 26 = "&MOD(D14+$C$7,26) -> (19 + 4) mod 26 = 23 | F14: =MOD(D14+$C$7,26) -> 23 | G14: =INDEX(Bang_so!$A$2:$A$27,MOD(D14+$C$7,26)+1) -> X
A15: 4 | B15: actions | C15: I | D15: =INDEX(Bang_so!$B$2:$B$27,MATCH(C15,Bang_so!$A$2:$A$27,0)) -> 8 | E15: ="("&D15&" + "&$C$7&") mod 26 = "&MOD(D15+$C$7,26) -> (8 + 4) mod 26 = 12 | F15: =MOD(D15+$C$7,26) -> 12 | G15: =INDEX(Bang_so!$A$2:$A$27,MOD(D15+$C$7,26)+1) -> M
A16: 5 | B16: actions | C16: O | D16: =INDEX(Bang_so!$B$2:$B$27,MATCH(C16,Bang_so!$A$2:$A$27,0)) -> 14 | E16: ="("&D16&" + "&$C$7&") mod 26 = "&MOD(D16+$C$7,26) -> (14 + 4) mod 26 = 18 | F16: =MOD(D16+$C$7,26) -> 18 | G16: =INDEX(Bang_so!$A$2:$A$27,MOD(D16+$C$7,26)+1) -> S
A17: 6 | B17: actions | C17: N | D17: =INDEX(Bang_so!$B$2:$B$27,MATCH(C17,Bang_so!$A$2:$A$27,0)) -> 13 | E17: ="("&D17&" + "&$C$7&") mod 26 = "&MOD(D17+$C$7,26) -> (13 + 4) mod 26 = 17 | F17: =MOD(D17+$C$7,26) -> 17 | G17: =INDEX(Bang_so!$A$2:$A$27,MOD(D17+$C$7,26)+1) -> R
A18: 7 | B18: actions | C18: S | D18: =INDEX(Bang_so!$B$2:$B$27,MATCH(C18,Bang_so!$A$2:$A$27,0)) -> 18 | E18: ="("&D18&" + "&$C$7&") mod 26 = "&MOD(D18+$C$7,26) -> (18 + 4) mod 26 = 22 | F18: =MOD(D18+$C$7,26) -> 22 | G18: =INDEX(Bang_so!$A$2:$A$27,MOD(D18+$C$7,26)+1) -> W
A19: 8 | B19: speak | C19: S | D19: =INDEX(Bang_so!$B$2:$B$27,MATCH(C19,Bang_so!$A$2:$A$27,0)) -> 18 | E19: ="("&D19&" + "&$C$7&") mod 26 = "&MOD(D19+$C$7,26) -> (18 + 4) mod 26 = 22 | F19: =MOD(D19+$C$7,26) -> 22 | G19: =INDEX(Bang_so!$A$2:$A$27,MOD(D19+$C$7,26)+1) -> W
A20: 9 | B20: speak | C20: P | D20: =INDEX(Bang_so!$B$2:$B$27,MATCH(C20,Bang_so!$A$2:$A$27,0)) -> 15 | E20: ="("&D20&" + "&$C$7&") mod 26 = "&MOD(D20+$C$7,26) -> (15 + 4) mod 26 = 19 | F20: =MOD(D20+$C$7,26) -> 19 | G20: =INDEX(Bang_so!$A$2:$A$27,MOD(D20+$C$7,26)+1) -> T
A21: 10 | B21: speak | C21: E | D21: =INDEX(Bang_so!$B$2:$B$27,MATCH(C21,Bang_so!$A$2:$A$27,0)) -> 4 | E21: ="("&D21&" + "&$C$7&") mod 26 = "&MOD(D21+$C$7,26) -> (4 + 4) mod 26 = 8 | F21: =MOD(D21+$C$7,26) -> 8 | G21: =INDEX(Bang_so!$A$2:$A$27,MOD(D21+$C$7,26)+1) -> I
A22: 11 | B22: speak | C22: A | D22: =INDEX(Bang_so!$B$2:$B$27,MATCH(C22,Bang_so!$A$2:$A$27,0)) -> 0 | E22: ="("&D22&" + "&$C$7&") mod 26 = "&MOD(D22+$C$7,26) -> (0 + 4) mod 26 = 4 | F22: =MOD(D22+$C$7,26) -> 4 | G22: =INDEX(Bang_so!$A$2:$A$27,MOD(D22+$C$7,26)+1) -> E
A23: 12 | B23: speak | C23: K | D23: =INDEX(Bang_so!$B$2:$B$27,MATCH(C23,Bang_so!$A$2:$A$27,0)) -> 10 | E23: ="("&D23&" + "&$C$7&") mod 26 = "&MOD(D23+$C$7,26) -> (10 + 4) mod 26 = 14 | F23: =MOD(D23+$C$7,26) -> 14 | G23: =INDEX(Bang_so!$A$2:$A$27,MOD(D23+$C$7,26)+1) -> O
... A38: 27 | B38: words | C38: S | D38: =INDEX(Bang_so!$B$2:$B$27,MATCH(C38,Bang_so!$A$2:$A$27,0)) -> 18 | E38: ="("&D38&" + "&$C$7&") mod 26 = "&MOD(D38+$C$7,26) -> (18 + 4) mod 26 = 22 | F38: =MOD(D38+$C$7,26) -> 22 | G38: =INDEX(Bang_so!$A$2:$A$27,MOD(D38+$C$7,26)+1) -> W
A40: BƯỚC 3: Ghép các chữ thành từng từ và kiểm tra
A41: STT | B41: Từ gốc | C41: Số chữ | E41: Ghép lại
A42: 1 | B42: actions | C42: =COUNTA(G12:G18) -> 7 | E42: =G12&G13&G14&G15&G16&G17&G18 -> EGXMSRW
A43: 2 | B43: speak | C43: =COUNTA(G19:G23) -> 5 | E43: =G19&G20&G21&G22&G23 -> WTIEO
A44: 3 | B44: louder | C44: =COUNTA(G24:G29) -> 6 | E44: =G24&G25&G26&G27&G28&G29 -> PSYHIV
A45: 4 | B45: than | C45: =COUNTA(G30:G33) -> 4 | E45: =G30&G31&G32&G33 -> XLER
A46: 5 | B46: words | C46: =COUNTA(G34:G38) -> 5 | E46: =G34&G35&G36&G37&G38 -> ASVHW
A48: BƯỚC 4: KẾT QUẢ
A49: Khóa k = | C49: =$C$7 -> 4
A50: Bản mã: | C50: =E42&" "&E43&" "&E44&" "&E45&" "&E46 -> EGXMSRW WTIEO PSYHIV XLER ASVHW

Sheet Giải mã
A1: PHẦN 2: ĐOÁN KHÓA VÀ GIẢI MÃ CAESAR
A2: Ô nền vàng, chữ xanh là dữ liệu nhập; các ô còn lại là công thức tự tính.
A4: BƯỚC 1: Chuẩn bị (bảng số, công thức, khóa k)
A5: Công thức: | C5: p = (c − k) mod 26 (giải mã)
A6: Bảng số: xem sheet Bang_so (A=0, B=1, ..., Z=25)
A7: Đoán khóa: chữ mã | C7: F | D7: ứng với chữ rõ | F7: a
A8: k = (số chữ mã − số chữ rõ) mod 26 = | F8: =MOD(INDEX(Bang_so!$B$2:$B$27,MATCH(C7,Bang_so!$A$2:$A$27,0))-INDEX(Bang_so!$B$2:$B$27,MATCH(F7,Bang_so!$A$2:$A$27,0)),26) -> 5
A9: Cơ sở: RFS và HFS cùng đuôi "FS", nên đoán là "man" và "can" (F ứng với a). Hoặc thử vét cạn k = 1..25.
A10: Bản mã: | C10: ST RFS HFS XJWAJ YBT RFXYJWX
A12: BƯỚC 2: Tính từng chữ cái (trừ k, nếu âm thì cộng 26)
A13: STT | B13: Từ | C13: Bản mã | D13: c | E13: Tính p = (c − k) mod 26 | F13: Số kết quả | G13: Bản rõ | H13: Kiểm tra ngược
A14: 1 | B14: ST | C14: S | D14: =INDEX(Bang_so!$B$2:$B$27,MATCH(C14,Bang_so!$A$2:$A$27,0)) -> 18 | E14: ="("&D14&" − "&$F$8&") mod 26 = "&MOD(D14-$F$8,26) -> (18 − 5) mod 26 = 13 | F14: =MOD(D14-$F$8,26) -> 13 | G14: =LOWER(INDEX(Bang_so!$A$2:$A$27,MOD(D14-$F$8,26)+1)) -> n | H14: =IF(MOD(MOD(D14-$F$8,26)+$F$8,26)=D14,"✓ đúng","✗ sai") -> ✓ đúng
A15: 2 | B15: ST | C15: T | D15: =INDEX(Bang_so!$B$2:$B$27,MATCH(C15,Bang_so!$A$2:$A$27,0)) -> 19 | E15: ="("&D15&" − "&$F$8&") mod 26 = "&MOD(D15-$F$8,26) -> (19 − 5) mod 26 = 14 | F15: =MOD(D15-$F$8,26) -> 14 | G15: =LOWER(INDEX(Bang_so!$A$2:$A$27,MOD(D15-$F$8,26)+1)) -> o | H15: =IF(MOD(MOD(D15-$F$8,26)+$F$8,26)=D15,"✓ đúng","✗ sai") -> ✓ đúng
A16: 3 | B16: RFS | C16: R | D16: =INDEX(Bang_so!$B$2:$B$27,MATCH(C16,Bang_so!$A$2:$A$27,0)) -> 17 | E16: ="("&D16&" − "&$F$8&") mod 26 = "&MOD(D16-$F$8,26) -> (17 − 5) mod 26 = 12 | F16: =MOD(D16-$F$8,26) -> 12 | G16: =LOWER(INDEX(Bang_so!$A$2:$A$27,MOD(D16-$F$8,26)+1)) -> m | H16: =IF(MOD(MOD(D16-$F$8,26)+$F$8,26)=D16,"✓ đúng","✗ sai") -> ✓ đúng
A17: 4 | B17: RFS | C17: F | D17: =INDEX(Bang_so!$B$2:$B$27,MATCH(C17,Bang_so!$A$2:$A$27,0)) -> 5 | E17: ="("&D17&" − "&$F$8&") mod 26 = "&MOD(D17-$F$8,26) -> (5 − 5) mod 26 = 0 | F17: =MOD(D17-$F$8,26) -> 0 | G17: =LOWER(INDEX(Bang_so!$A$2:$A$27,MOD(D17-$F$8,26)+1)) -> a | H17: =IF(MOD(MOD(D17-$F$8,26)+$F$8,26)=D17,"✓ đúng","✗ sai") -> ✓ đúng
A18: 5 | B18: RFS | C18: S | D18: =INDEX(Bang_so!$B$2:$B$27,MATCH(C18,Bang_so!$A$2:$A$27,0)) -> 18 | E18: ="("&D18&" − "&$F$8&") mod 26 = "&MOD(D18-$F$8,26) -> (18 − 5) mod 26 = 13 | F18: =MOD(D18-$F$8,26) -> 13 | G18: =LOWER(INDEX(Bang_so!$A$2:$A$27,MOD(D18-$F$8,26)+1)) -> n | H18: =IF(MOD(MOD(D18-$F$8,26)+$F$8,26)=D18,"✓ đúng","✗ sai") -> ✓ đúng
A19: 6 | B19: HFS | C19: H | D19: =INDEX(Bang_so!$B$2:$B$27,MATCH(C19,Bang_so!$A$2:$A$27,0)) -> 7 | E19: ="("&D19&" − "&$F$8&") mod 26 = "&MOD(D19-$F$8,26) -> (7 − 5) mod 26 = 2 | F19: =MOD(D19-$F$8,26) -> 2 | G19: =LOWER(INDEX(Bang_so!$A$2:$A$27,MOD(D19-$F$8,26)+1)) -> c | H19: =IF(MOD(MOD(D19-$F$8,26)+$F$8,26)=D19,"✓ đúng","✗ sai") -> ✓ đúng
A20: 7 | B20: HFS | C20: F | D20: =INDEX(Bang_so!$B$2:$B$27,MATCH(C20,Bang_so!$A$2:$A$27,0)) -> 5 | E20: ="("&D20&" − "&$F$8&") mod 26 = "&MOD(D20-$F$8,26) -> (5 − 5) mod 26 = 0 | F20: =MOD(D20-$F$8,26) -> 0 | G20: =LOWER(INDEX(Bang_so!$A$2:$A$27,MOD(D20-$F$8,26)+1)) -> a | H20: =IF(MOD(MOD(D20-$F$8,26)+$F$8,26)=D20,"✓ đúng","✗ sai") -> ✓ đúng
A21: 8 | B21: HFS | C21: S | D21: =INDEX(Bang_so!$B$2:$B$27,MATCH(C21,Bang_so!$A$2:$A$27,0)) -> 18 | E21: ="("&D21&" − "&$F$8&") mod 26 = "&MOD(D21-$F$8,26) -> (18 − 5) mod 26 = 13 | F21: =MOD(D21-$F$8,26) -> 13 | G21: =LOWER(INDEX(Bang_so!$A$2:$A$27,MOD(D21-$F$8,26)+1)) -> n | H21: =IF(MOD(MOD(D21-$F$8,26)+$F$8,26)=D21,"✓ đúng","✗ sai") -> ✓ đúng
A22: 9 | B22: XJWAJ | C22: X | D22: =INDEX(Bang_so!$B$2:$B$27,MATCH(C22,Bang_so!$A$2:$A$27,0)) -> 23 | E22: ="("&D22&" − "&$F$8&") mod 26 = "&MOD(D22-$F$8,26) -> (23 − 5) mod 26 = 18 | F22: =MOD(D22-$F$8,26) -> 18 | G22: =LOWER(INDEX(Bang_so!$A$2:$A$27,MOD(D22-$F$8,26)+1)) -> s | H22: =IF(MOD(MOD(D22-$F$8,26)+$F$8,26)=D22,"✓ đúng","✗ sai") -> ✓ đúng
A23: 10 | B23: XJWAJ | C23: J | D23: =INDEX(Bang_so!$B$2:$B$27,MATCH(C23,Bang_so!$A$2:$A$27,0)) -> 9 | E23: ="("&D23&" − "&$F$8&") mod 26 = "&MOD(D23-$F$8,26) -> (9 − 5) mod 26 = 4 | F23: =MOD(D23-$F$8,26) -> 4 | G23: =LOWER(INDEX(Bang_so!$A$2:$A$27,MOD(D23-$F$8,26)+1)) -> e | H23: =IF(MOD(MOD(D23-$F$8,26)+$F$8,26)=D23,"✓ đúng","✗ sai") -> ✓ đúng
A24: 11 | B24: XJWAJ | C24: W | D24: =INDEX(Bang_so!$B$2:$B$27,MATCH(C24,Bang_so!$A$2:$A$27,0)) -> 22 | E24: ="("&D24&" − "&$F$8&") mod 26 = "&MOD(D24-$F$8,26) -> (22 − 5) mod 26 = 17 | F24: =MOD(D24-$F$8,26) -> 17 | G24: =LOWER(INDEX(Bang_so!$A$2:$A$27,MOD(D24-$F$8,26)+1)) -> r | H24: =IF(MOD(MOD(D24-$F$8,26)+$F$8,26)=D24,"✓ đúng","✗ sai") -> ✓ đúng
A25: 12 | B25: XJWAJ | C25: A | D25: =INDEX(Bang_so!$B$2:$B$27,MATCH(C25,Bang_so!$A$2:$A$27,0)) -> 0 | E25: ="("&D25&" − "&$F$8&") mod 26 = "&MOD(D25-$F$8,26) -> (0 − 5) mod 26 = 21 | F25: =MOD(D25-$F$8,26) -> 21 | G25: =LOWER(INDEX(Bang_so!$A$2:$A$27,MOD(D25-$F$8,26)+1)) -> v | H25: =IF(MOD(MOD(D25-$F$8,26)+$F$8,26)=D25,"✓ đúng","✗ sai") -> ✓ đúng
... A36: 23 | B36: RFXYJWX | C36: X | D36: =INDEX(Bang_so!$B$2:$B$27,MATCH(C36,Bang_so!$A$2:$A$27,0)) -> 23 | E36: ="("&D36&" − "&$F$8&") mod 26 = "&MOD(D36-$F$8,26) -> (23 − 5) mod 26 = 18 | F36: =MOD(D36-$F$8,26) -> 18 | G36: =LOWER(INDEX(Bang_so!$A$2:$A$27,MOD(D36-$F$8,26)+1)) -> s | H36: =IF(MOD(MOD(D36-$F$8,26)+$F$8,26)=D36,"✓ đúng","✗ sai") -> ✓ đúng
A38: BƯỚC 3: Ghép các chữ thành từng từ và kiểm tra
A39: STT | B39: Từ gốc | C39: Số chữ | E39: Ghép lại | H39: Kiểm tra
A40: 1 | B40: ST | C40: =COUNTA(G14:G15) -> 2 | E40: =G14&G15 -> no | H40: =IF(COUNTIF(H14:H15,"✓ đúng")=C40,"✓ đạt","✗ lỗi") -> ✓ đạt
A41: 2 | B41: RFS | C41: =COUNTA(G16:G18) -> 3 | E41: =G16&G17&G18 -> man | H41: =IF(COUNTIF(H16:H18,"✓ đúng")=C41,"✓ đạt","✗ lỗi") -> ✓ đạt
A42: 3 | B42: HFS | C42: =COUNTA(G19:G21) -> 3 | E42: =G19&G20&G21 -> can | H42: =IF(COUNTIF(H19:H21,"✓ đúng")=C42,"✓ đạt","✗ lỗi") -> ✓ đạt
A43: 4 | B43: XJWAJ | C43: =COUNTA(G22:G26) -> 5 | E43: =G22&G23&G24&G25&G26 -> serve | H43: =IF(COUNTIF(H22:H26,"✓ đúng")=C43,"✓ đạt","✗ lỗi") -> ✓ đạt
A44: 5 | B44: YBT | C44: =COUNTA(G27:G29) -> 3 | E44: =G27&G28&G29 -> two | H44: =IF(COUNTIF(H27:H29,"✓ đúng")=C44,"✓ đạt","✗ lỗi") -> ✓ đạt
A45: 6 | B45: RFXYJWX | C45: =COUNTA(G30:G36) -> 7 | E45: =G30&G31&G32&G33&G34&G35&G36 -> masters | H45: =IF(COUNTIF(H30:H36,"✓ đúng")=C45,"✓ đạt","✗ lỗi") -> ✓ đạt
A47: BƯỚC 4: KẾT QUẢ
A48: Khóa k = | C48: =$F$8 -> 5
A49: Bản rõ: | C49: =E40&" "&E41&" "&E42&" "&E43&" "&E44&" "&E45 -> no man can serve two masters
A50: Nghĩa: Không ai có thể phụng sự hai chủ.

Sheet Bang_so
A1: Chữ cái | B1: Số (0-25)
A2: A | B2: 0
A3: B | B3: 1
A4: C | B4: 2
A5: D | B5: 3
A6: E | B6: 4
A7: F | B7: 5
A8: G | B8: 6
A9: H | B9: 7
A10: I | B10: 8
A11: J | B11: 9
A12: K | B12: 10
A13: L | B13: 11
... A27: Z | B27: 25
